id,name,type,year,num_sections,num_paragraphs
0,C-128-95,C,1995,3,78
1,C-843-10,C,2010,3,596
2,C-254A-12,C,2012,4,385
3,T-549-13,T,2013,4,104
4,T-011-99,T,1999,2,43
5,T-134-10,T,2010,3,156
6,C-1056-05,C,2005,6,1194
7,T-089-03,T,2003,5,85
8,C-1546-00,C,2000,7,213
9,T-012-09,T,2009,3,166
10,T-363-20,T,2020,3,259
11,SU648-17,SU,2017,3,463
12,T-1417-00,T,2000,2,79
13,C-965-99,C,1999,5,93
14,T-829-11,T,2011,3,109
15,C-473-16,C,2016,6,376
16,T-343-09,T,2009,3,102
17,T-521-05,T,2005,1,55
18,T-377-07,T,2007,4,92
19,T-059-20,T,2020,4,201
20,T-089-17,T,2017,3,276
21,C-1088-08,C,2008,7,152
22,T-402-06,T,2006,6,200
23,C-006-03,C,2003,0,151
24,C-1300-05,C,2005,8,678
25,C-591-19,C,2019,4,171
26,T-956-00,T,2000,2,87
27,T-015-09,T,2009,4,129
28,SU062-01,SU,2001,2,257
29,C-582-97,C,1997,4,76
30,T-1055-07,T,2007,5,139
31,T-450-07,T,2007,3,183
32,T-841-05,T,2005,0,43
33,T-580-11,T,2011,2,172
34,SU034-18,SU,2018,3,600
35,T-578-06,T,2006,4,208
36,T-056-08,T,2008,3,58
37,C-1004-07,C,2007,7,247
38,T-218-13,T,2013,3,214
39,T-412-17,T,2017,3,297
40,T-512-03,T,2003,3,77
41,T-016-22,T,2022,3,214
42,SU037-09,SU,2009,5,385
43,T-1270-01,T,2001,5,73
44,T-412-03,T,2003,6,62
45,T-860-02,T,2002,5,145
46,T-1248-05,T,2005,3,126
47,T-1085-06,T,2006,3,99
48,T-201-13,T,2013,4,160
49,T-254-12,T,2012,3,99
50,C-517-92,C,1992,7,383
51,T-576-03,T,2003,3,96
52,T-253-06,T,2006,3,117
53,T-164-21,T,2021,3,284
54,T-737-11,T,2011,2,151
55,T-550-07,T,2007,4,86
56,T-447-20,T,2020,0,148
57,C-1158-08,C,2008,3,229
58,T-402-12,T,2012,5,228
59,T-420-99,T,1999,0,21
60,T-634-97,T,1997,3,48
61,SU600-99,SU,1999,2,142
62,T-381-01,T,2001,4,43
63,T-376-99,T,1999,0,23
64,T-647-98,T,1998,0,33
65,T-1010-03,T,2003,5,191
66,C-225-95,C,1995,2,536
67,T-063-00,T,2000,2,61
68,C-138-99,C,1999,6,109
69,T-765-04,T,2004,4,77
70,T-087-12,T,2012,2,432
71,T-289-93,T,1993,4,70
72,C-484-17,C,2017,4,876
73,T-316-00,T,2000,2,39
74,T-694-16,T,2016,4,200
75,T-927-14,T,2014,3,111
76,T-665-04,T,2004,4,65
77,T-212-98,T,1998,4,48
78,C-1196-08,C,2008,7,186
79,T-208-02,T,2002,0,25
80,T-344-22,T,2022,3,431
81,T-258-10,T,2010,3,84
82,C-025-21,C,2021,5,1329
83,T-261-95,T,1995,2,94
84,T-024-12,T,2012,3,114
85,T-049-04,T,2004,3,149
86,T-997-99,T,1999,2,55
87,SU353-13,SU,2013,3,293
88,SU090-00,SU,2000,4,440
89,C-664-13,C,2013,7,521
90,C-226-14,C,2014,7,189
91,C-182-97,C,1997,4,112
92,T-178-13,T,2013,5,118
93,T-294-15,T,2015,3,188
94,T-1015-12,T,2012,3,125
95,C-139-07,C,2007,7,121
96,T-498-20,T,2020,3,320
97,T-175-99,T,1999,2,104
98,T-063-14,T,2014,3,391
99,C-553-01,C,2001,7,128
100,T-201-07,T,2007,3,190
101,T-286-08,T,2008,3,165
102,T-832-00,T,2000,2,136
103,C-674-15,C,2015,7,132
104,T-409-12,T,2012,2,152
105,T-024-08,T,2008,2,115
106,T-632-00,T,2000,3,38
107,C-205-20,C,2020,7,397
108,C-555-13,C,2013,7,725
109,T-927-02,T,2002,5,110
110,T-478-06,T,2006,5,119
111,T-618-06,T,2006,4,96
112,T-566-06,T,2006,4,128
113,C-1070-02,C,2002,8,205
114,T-303-14,T,2014,3,179
115,C-031-95,C,1995,5,163
116,T-001-97,T,1997,3,241
117,T-022-97,T,1997,5,61
118,T-667-01,T,2001,5,61
119,C-091-02,C,2002,3,85
120,C-943-12,C,2012,7,573
121,T-478-04,T,2004,3,61
122,T-389-93,T,1993,4,67
123,C-973-02,C,2002,5,476
124,T-872-01,T,2001,2,70
125,T-977-04,T,2004,4,115
126,T-869-04,T,2004,4,90
127,T-059-15,T,2015,12,352
128,T-576-17,T,2017,3,352
129,C-1062-03,C,2003,7,303
130,T-986-02,T,2002,3,101
131,T-112-16,T,2016,3,266
132,C-504-05,C,2005,7,95
133,T-030-17,T,2017,2,513
134,C-194-05,C,2005,7,201
135,T-935-07,T,2007,3,155
136,T-258-04,T,2004,4,58
137,T-002-11,T,2011,3,162
138,T-903-01,T,2001,2,205
139,T-284-19,T,2019,5,567
140,T-667-15,T,2015,3,390
141,T-672-17,T,2017,3,108
142,C-859-06,C,2006,7,162
143,T-545-06,T,2006,3,139
144,C-596-10,C,2010,3,123
145,C-281-95,C,1995,5,130
146,T-301-13,T,2013,3,127
147,T-383-10,T,2010,3,98
148,T-002-18,T,2018,2,745
149,T-415-00,T,2000,3,57
150,T-066-05,T,2005,3,178
151,C-207-19,C,2019,7,951
152,T-043-93,T,1993,3,152
153,T-848-09,T,2009,1,169
154,C-255-11,C,2011,4,242
155,C-1374-00,C,2000,4,79
156,C-928-06,C,2006,7,160
157,T-239-22,T,2022,4,221
158,T-1028-07,T,2007,3,73
159,C-598-11,C,2011,3,409
160,C-1058-08,C,2008,7,342
161,T-120-98,T,1998,0,58
162,C-079-12,C,2012,7,108
163,C-541-99,C,1999,3,187
164,T-050-10,T,2010,3,186
165,C-314-93,C,1993,5,137
166,SU207-22,SU,2022,3,603
167,T-142-10,T,2010,3,133
168,C-185-97,C,1997,5,109
169,T-023-03,T,2003,4,204
170,T-1110-03,T,2003,4,111
171,T-149-19,T,2019,2,133
172,T-1031-07,T,2007,5,104
173,T-444-99,T,1999,0,27
174,T-509-12,T,2012,4,122
175,C-569-00,C,2000,7,105
176,T-618-10,T,2010,5,197
177,T-365-07,T,2007,4,135
178,SU774-14,SU,2014,4,295
179,T-123-15,T,2015,4,151
180,T-133-04,T,2004,3,67
181,T-561-06,T,2006,2,78
182,T-555-09,T,2009,3,295
183,T-003-09,T,2009,3,92
184,T-743-02,T,2002,4,100
185,T-112-02,T,2002,3,134
186,T-1026-02,T,2002,4,209
187,C-033-11,C,2011,6,250
188,T-080-06,T,2006,5,247
189,T-1313-01,T,2001,2,97
190,T-449-13,T,2013,3,326
191,T-171-03,T,2003,1,177
192,C-557-92,C,1992,6,730
193,T-068-14,T,2014,3,113
194,T-329-04,T,2004,0,39
195,C-381-95,C,1995,5,147
196,T-858-11,T,2011,4,271
197,T-061-18,T,2018,3,168
198,T-639-14,T,2014,4,219
199,C-232-97,C,1997,3,209
200,T-1322-00,T,2000,3,88
201,C-824-06,C,2006,7,130
202,T-877-10,T,2010,4,129
203,T-683-13,T,2013,3,282
204,T-549-19,T,2019,0,155
205,T-439-99,T,1999,0,28
206,T-516-93,T,1993,4,95
207,T-176-00,T,2000,2,55
208,T-033-04,T,2004,0,113
209,SU091-16,SU,2016,3,914
210,T-534-13,T,2013,2,499
211,T-1034-02,T,2002,3,91
212,T-737-05,T,2005,7,199
213,T-996-07,T,2007,4,111
214,T-497-06,T,2006,3,102
215,C-224-11,C,2011,3,357
216,C-210-20,C,2020,6,599
217,T-636-06,T,2006,5,157
218,T-523-14,T,2014,3,152
219,T-903-03,T,2003,6,138
220,SU846-00,SU,2000,2,179
221,T-283-12,T,2012,3,199
222,T-443-92,T,1992,4,247
223,T-343-03,T,2003,4,48
224,T-716-15,T,2015,3,307
225,T-761A-13,T,2013,2,219
226,SU069-18,SU,2018,4,358
227,T-981-00,T,2000,3,69
228,C-510-99,C,1999,3,155
229,T-271-97,T,1997,4,44
230,T-500-20,T,2020,3,340
231,T-147-20,T,2020,3,481
232,T-123-17,T,2017,3,79
233,T-434-07,T,2007,3,297
234,C-506-14,C,2014,3,164
235,C-200-19,C,2019,7,863
236,C-175-07,C,2007,4,209
237,T-523-00,T,2000,2,51
238,T-331-98,T,1998,4,51
239,C-492-98,C,1998,3,186
240,su569-96,SU,1996,4,182
241,T-578-10,T,2010,3,394
242,T-478-10,T,2010,3,131
243,T-386-20,T,2020,3,176
244,T-136-03,T,2003,4,116
245,SU477-97,SU,1997,3,110
246,T-529-95,T,1995,2,51
247,T-922-04,T,2004,4,87
248,C-017-93,C,1993,4,75
249,T-019-00,T,2000,2,37
250,T-105-11,T,2011,3,151
251,C-890-04,C,2004,0,141
252,C-1441-00,C,2000,4,144
253,T-427-92,T,1992,2,91
254,T-459-03,T,2003,3,152
255,T-449-07,T,2007,3,152
256,T-718-10,T,2010,3,230
257,T-935-00,T,2000,4,44
258,C-202-01,C,2001,5,185
259,C-978-02,C,2002,7,175
260,T-452-00,T,2000,3,91
261,C-079-06,C,2006,7,115
262,T-979-08,T,2008,4,134
263,SU184-19,SU,2019,4,232
264,T-476-01,T,2001,3,107
265,C-081-18,C,2018,7,279
266,T-253-12,T,2012,4,98
267,C-399-03,C,2003,9,224
268,T-896-07,T,2007,3,60
269,T-796-13,T,2013,4,225
270,T-772-01,T,2001,4,51
271,T-972-01,T,2001,4,147
272,T-018-97,T,1997,3,60
273,T-133-10,T,2010,4,233
274,SU257-97,SU,1997,2,274
275,T-1517-00,T,2000,5,69
276,C-426-93,C,1993,4,313
277,T-832-14,T,2014,3,197
278,T-203-00,T,2000,3,165
279,T-535-99,T,1999,2,133
280,T-327-15,T,2015,5,309
281,SU858-01,SU,2001,2,388
282,C-041-02,C,2002,7,119
283,T-1092-00,T,2000,0,49
284,T-475-92,T,1992,2,168
285,C-211-00,C,2000,7,186
286,C-019-07,C,2007,7,131
287,T-281-01,T,2001,4,82
288,T-381-03,T,2003,3,57
289,T-1063-06,T,2006,4,128
290,T-447-00,T,2000,3,79
291,T-1603-00,T,2000,4,43
292,T-561-12,T,2012,2,160
293,T-316-18,T,2018,3,276
294,T-827-00,T,2000,4,47
295,C-1175-05,C,2005,7,210
296,T-601-04,T,2004,3,59
297,T-306-07,T,2007,4,102
298,C-560-04,C,2004,3,147
299,T-040-08,T,2008,4,102
300,T-958-05,T,2005,3,132
301,T-754-11,T,2011,5,166
302,C-321-09,C,2009,5,1423
303,C-226-21,C,2021,3,282
304,T-967-01,T,2001,4,207
305,T-165-97,T,1997,4,103
306,T-164-09,T,2009,4,223
307,T-020-16,T,2016,4,497
308,T-230-06,T,2006,3,170
309,T-739-09,T,2009,3,241
310,T-227-01,T,2001,2,41
311,T-629-13,T,2013,4,148
312,C-159-97,C,1997,7,67
313,T-524-09,T,2009,3,102
314,C-700-13,C,2013,6,261
315,T-929-11,T,2011,3,246
316,T-954-11,T,2011,3,352
317,T-171-21,T,2021,3,92
318,T-484-97,T,1997,3,65
319,T-316-16,T,2016,5,295
320,C-930-14,C,2014,7,492
321,SU498-16,SU,2016,2,871
322,C-193-05,C,2005,9,220
323,T-034-04,T,2004,4,170
324,T-090-17,T,2017,3,177
325,T-050-04,T,2004,3,85
326,C-053-01,C,2001,5,187
327,T-1000-12,T,2012,6,266
328,T-557-07,T,2007,4,97
329,T-423-14,T,2014,3,658
330,C-1077-02,C,2002,5,98
331,T-022-11,T,2011,3,143
332,T-150-10,T,2010,2,164
333,T-940-99,T,1999,2,110
334,T-288-19,T,2019,5,218
335,T-218-21,T,2021,3,335
336,T-247-93,T,1993,3,96
337,T-794-02,T,2002,4,92
338,T-608-01,T,2001,2,64
339,T-969-10,T,2010,3,109
340,T-327-01,T,2001,4,209
341,T-076-00,T,2000,2,46
342,T-638-97,T,1997,5,70
343,C-506-02,C,2002,7,513
344,T-033-10,T,2010,4,283
345,C-446-95,C,1995,3,81
346,T-396-05,T,2005,2,206
347,C-948-02,C,2002,4,830
348,T-616-03,T,2003,5,59
349,T-891-13,T,2013,2,223
350,T-956-02,T,2002,5,78
351,T-461-12,T,2012,6,528
352,T-365-13,T,2013,4,111
353,T-1126-02,T,2002,4,73
354,T-1073-03,T,2003,5,53
355,SU447-11,SU,2011,3,1652
356,T-689-99,T,1999,3,50
357,SU041-20,SU,2020,2,1303
358,T-509-10,T,2010,3,327
359,T-753-11,T,2011,4,162
360,C-419-95,C,1995,6,127
361,T-149-12,T,2012,4,254
362,SU190-21,SU,2021,6,415
363,C-625-98,C,1998,3,462
364,T-627-14,T,2014,2,286
365,T-025-18,T,2018,3,302
366,C-005-98,C,1998,3,137
367,T-578-12,T,2012,3,195
368,SU901-05,SU,2005,3,322
369,C-318-06,C,2006,6,302
370,T-825-05,T,2005,2,90
371,C-733-03,C,2003,5,271
372,T-523-16,T,2016,3,382
373,C-568-97,C,1997,5,103
374,T-1042-02,T,2002,3,126
375,T-597-03,T,2003,4,146
376,T-481-92,T,1992,3,42
377,T-308-16,T,2016,4,174
378,T-227-17,T,2017,4,561
379,T-589-00,T,2000,3,57
380,C-416-19,C,2019,7,148
381,T-220-08,T,2008,4,206
382,C-136-18,C,2018,7,142
383,T-190-01,T,2001,2,49
384,T-407-17,T,2017,3,491
385,T-123-01,T,2001,3,41
386,C-1056-12,C,2012,7,626
387,T-772-03,T,2003,3,464
388,T-571-08,T,2008,3,315
389,C-880-03,C,2003,7,383
390,C-636-12,C,2012,7,147
391,C-245-09,C,2009,7,105
392,T-675-06,T,2006,5,83
393,T-1140-05,T,2005,4,136
394,C-329-99,C,1999,7,181
395,T-140-08,T,2008,6,115
396,T-251-22,T,2022,3,263
397,C-338-14,C,2014,7,214
398,T-643-16,T,2016,3,227
399,T-259-98,T,1998,0,123
400,T-337-12,T,2012,4,191
401,T-932-00,T,2000,4,55
402,C-096-21,C,2021,3,151
403,T-667-03,T,2003,3,75
404,C-469-09,C,2009,3,2687
405,T-206-13,T,2013,3,485
406,T-392A-14,T,2014,3,466
407,T-286-20,T,2020,0,344
408,SU879-00,SU,2000,3,508
409,T-998-02,T,2002,3,74
410,C-077-17,C,2017,9,2495
411,T-735-09,T,2009,5,190
412,T-459-16,T,2016,4,383
413,C-541-08,C,2008,4,457
414,T-1085-12,T,2012,1,265
415,C-226-02,C,2002,6,292
416,T-344-00,T,2000,2,75
417,T-265-13,T,2013,3,585
418,C-152-95,C,1995,0,174
419,C-458-15,C,2015,6,872
420,T-743-14,T,2014,4,146
421,T-711-08,T,2008,3,143
422,T-767-01,T,2001,3,158
423,T-159-01,T,2001,3,71
424,T-975-08,T,2008,4,159
425,T-970-10,T,2010,3,89
426,T-303-16,T,2016,3,510
427,T-549-07,T,2007,7,267
428,T-856-14,T,2014,4,218
429,T-197-02,T,2002,3,68
430,T-168-09,T,2009,3,458
431,T-813-10,T,2010,3,194
432,T-635-09,T,2009,3,510
433,T-021-11,T,2011,4,272
434,T-445-12,T,2012,2,165
435,T-329-06,T,2006,3,63
436,T-378-95,T,1995,3,103
437,T-090-03,T,2003,5,79
438,T-803-01,T,2001,5,96
439,T-755-01,T,2001,2,60
440,C-055-95,C,1995,3,610
441,T-139-93,T,1993,3,131
442,T-051-15,T,2015,3,174
443,T-454-95,T,1995,2,128
444,C-073-93,C,1993,1,163
445,T-1019-06,T,2006,6,147
446,T-856-02,T,2002,3,151
447,C-163-19,C,2019,7,289
448,T-559-16,T,2016,3,151
449,C-263-19,C,2019,6,176
450,T-134-06,T,2006,2,211
451,T-611-08,T,2008,1,191
452,T-1533-00,T,2000,3,36
453,C-257-14,C,2014,7,169
454,T-220-22,T,2022,3,325
455,T-706-04,T,2004,4,64
456,C-695-08,C,2008,7,331
457,T-732-14,T,2014,5,238
458,T-460-98,T,1998,2,121
459,T-590-14,T,2014,3,129
460,T-969-04,T,2004,6,95
461,SU297-21,SU,2021,3,484
462,T-015-21,T,2021,2,136
463,T-697-99,T,1999,3,55
464,SU813-07,SU,2007,4,1119
465,C-063-21,C,2021,3,981
466,T-762-10,T,2010,4,389
467,T-1009-10,T,2010,3,134
468,T-593-99,T,1999,0,33
469,T-1388-00,T,2000,2,48
470,C-742-01,C,2001,7,107
471,T-394-15,T,2015,3,167
472,C-113-17,C,2017,7,453
473,T-576-15,T,2015,3,213
474,C-228-11,C,2011,6,425
475,C-210-16,C,2016,4,967
476,C-028-95,C,1995,5,138
477,C-041-21,C,2021,8,115
478,T-494-92,T,1992,4,149
479,T-1241-00,T,2000,4,51
480,T-644-09,T,2009,0,85
481,T-118-99,T,1999,3,62
482,T-047-15,T,2015,4,154
483,T-136-15,T,2015,3,123
484,T-045-12,T,2012,4,106
485,C-259-11,C,2011,7,244
486,C-169-93,C,1993,5,128
487,C-445-98,C,1998,6,150
488,T-497-17,T,2017,2,274
489,C-519-95,C,1995,6,165
490,SU054-15,SU,2015,3,701
491,T-353-12,T,2012,3,183
492,T-669-10,T,2010,2,217
493,T-078-05,T,2005,3,134
494,T-424-09,T,2009,3,157
495,C-071-09,C,2009,3,100
496,C-828-06,C,2006,6,129
497,T-393-08,T,2008,5,246
498,T-180-12,T,2012,3,303
499,T-284-04,T,2004,4,61
500,T-729-07,T,2007,4,172
501,C-295-02,C,2002,7,386
502,T-261A-22,T,2022,2,130
503,T-068-21,T,2021,3,276
504,SU624-99,SU,1999,3,268
505,C-326-00,C,2000,2,296
506,T-1199-00,T,2000,3,80
507,T-358-06,T,2006,6,123
508,T-097-08,T,2008,6,142
509,T-1346-00,T,2000,2,45
510,C-663-07,C,2007,6,408
511,T-197-22,T,2022,3,132
512,T-875-08,T,2008,3,134
513,T-1045-02,T,2002,4,144
514,SU150-21,SU,2021,3,2291
515,T-577-19,T,2019,3,230
516,T-744-00,T,2000,4,42
517,C-307-04,C,2004,5,432
518,T-696-11,T,2011,3,183
519,C-466-08,C,2008,7,614
520,SU050-18,SU,2018,2,517
521,T-1286-05,T,2005,3,228
522,T-197-03,T,2003,3,133
523,T-530-97,T,1997,2,74
524,C-412-97,C,1997,6,81
525,T-206-07,T,2007,0,78
526,C-989-04,C,2004,7,207
527,T-347-93,T,1993,3,94
528,T-530-95,T,1995,3,134
529,T-435-99,T,1999,0,29
530,T-907-99,T,1999,1,38
531,T-948-00,T,2000,3,50
532,C-958-99,C,1999,7,181
533,T-783-13,T,2013,6,520
534,C-828-10,C,2010,6,325
535,C-533-93,C,1993,4,88
536,T-447-16,T,2016,3,114
537,T-637-05,T,2005,4,118
538,T-662-10,T,2010,3,204
539,T-258-06,T,2006,2,263
540,C-558-01,C,2001,6,254
541,T-320-20,T,2020,2,297
542,C-217-15,C,2015,5,442
543,T-896-13,T,2013,4,380
544,T-1246-00,T,2000,4,49
545,T-229-12,T,2012,4,131
546,T-507-03,T,2003,6,86
547,T-308-02,T,2002,3,187
548,T-1251-05,T,2005,2,208
549,C-417-92,C,1992,6,78
550,C-028-97,C,1997,6,169
551,C-997-04,C,2004,6,206
552,T-288A-16,T,2016,3,231
553,C-503-05,C,2005,7,159
554,T-891-07,T,2007,5,134
555,T-166-11,T,2011,4,163
556,T-814-10,T,2010,3,155
557,T-243-17,T,2017,3,252
558,T-557-13,T,2013,5,267
559,T-281A-12,T,2012,3,171
560,T-124-01,T,2001,4,38
561,C-350-09,C,2009,7,321
562,C-458-20,C,2020,6,979
563,T-825-11,T,2011,6,172
564,T-330-06,T,2006,3,76
565,SU227-21,SU,2021,3,576
566,T-291-18,T,2018,5,109
567,T-050-00,T,2000,3,67
568,T-187-12,T,2012,3,152
569,T-449-19,T,2019,3,81
570,T-115-14,T,2014,3,261
571,T-450-13,T,2013,3,162
572,T-023-01,T,2001,3,48
573,T-190-15,T,2015,3,277
574,T-356-17,T,2017,3,354
575,T-720-03,T,2003,2,53
576,C-321-21,C,2021,3,529
577,T-858-05,T,2005,3,76
578,C-1191-01,C,2001,7,671
579,T-314-12,T,2012,3,314
580,T-480-18,T,2018,4,503
581,T-163-94,T,1994,4,95
582,T-1225-00,T,2000,4,88
583,C-088-14,C,2014,3,269
584,T-138-04,T,2004,3,108
585,T-161-11,T,2011,1,156
586,T-482-09,T,2009,3,104
587,T-502-06,T,2006,5,123
588,T-461-06,T,2006,3,122
589,SU484-08,SU,2008,6,782
590,T-960-08,T,2008,4,166
591,T-1239-04,T,2004,4,68
592,T-547-02,T,2002,4,81
593,T-508-98,T,1998,2,39
594,T-958-11,T,2011,5,360
595,C-736-06,C,2006,6,167
596,T-244-22,T,2022,3,582
597,C-727-15,C,2015,7,357
598,T-708-08,T,2008,5,265
599,T-237-06,T,2006,3,108
600,C-847-12,C,2012,3,61
601,C-571-17,C,2017,3,371
602,T-375-21,T,2021,3,305
603,C-417-20,C,2020,3,579
604,C-484-03,C,2003,8,112
605,T-199-19,T,2019,3,394
606,T-136-01,T,2001,3,52
607,T-898-02,T,2002,3,73
608,T-381-15,T,2015,4,348
609,C-094-18,C,2018,6,915
610,T-112-95,T,1995,6,93
611,T-1097-05,T,2005,1,319
612,T-024-01,T,2001,3,44
613,T-869-06,T,2006,4,112
614,T-278-95,T,1995,4,84
615,T-076-14,T,2014,3,84
616,T-036-01,T,2001,3,55
617,T-302-97,T,1997,3,46
618,T-581-93,T,1993,4,61
619,C-093-18,C,2018,7,881
620,C-782-04,C,2004,4,136
621,T-627-00,T,2000,3,48
622,T-744-09,T,2009,4,229
623,T-594-92,T,1992,4,64
624,C-692-08,C,2008,7,222
625,T-725-05,T,2005,3,73
626,C-506-94,C,1994,5,120
627,T-419-96,T,1996,3,62
628,T-423-00,T,2000,3,52
629,T-877-04,T,2004,3,73
630,T-351-22,T,2022,3,193
631,C-310-20,C,2020,3,385
632,T-1182-05,T,2005,4,142
633,C-645-02,C,2002,7,200
634,C-169-20,C,2020,5,562
635,T-544-99,T,1999,3,55
636,T-178-11,T,2011,4,162
637,SU071-22,SU,2022,5,473
638,C-774-01,C,2001,5,620
639,T-408-98,T,1998,2,69
640,C-741-98,C,1998,5,221
641,C-251-97,C,1997,7,302
642,T-881-00,T,2000,2,143
643,SU168-17,SU,2017,3,373
644,T-762-04,T,2004,4,231
645,T-005-18,T,2018,3,411
646,T-012-14,T,2014,3,306
647,T-294-03,T,2003,2,135
648,T-275-09,T,2009,3,263
649,C-077-21,C,2021,0,761
650,C-148-05,C,2005,6,497
651,T-1064-12,T,2012,3,208
652,C-377-93,C,1993,6,73
653,T-124-08,T,2008,3,83
654,T-347-98,T,1998,3,62
655,T-748-00,T,2000,4,57
656,C-1146-03,C,2003,7,149
657,T-204-09,T,2009,5,315
658,T-315-99,T,1999,0,25
659,T-190-03,T,2003,3,65
660,C-313-93,C,1993,8,237
661,T-882-99,T,1999,3,43
662,T-814-04,T,2004,3,92
663,T-665-10,T,2010,3,263
664,T-1173-03,T,2003,3,66
665,T-149-04,T,2004,4,96
666,T-372-00,T,2000,3,131
667,SU159-02,SU,2002,5,426
668,T-452-14,T,2014,3,263
669,T-935-09,T,2009,3,230
670,T-480-11,T,2011,2,209
671,T-593-92,T,1992,3,123
672,T-1015-06,T,2006,3,100
673,T-637-11,T,2011,3,159
674,C-460-11,C,2011,3,217
675,T-1220-05,T,2005,3,142
676,T-008-92,T,1992,3,109
677,T-281-15,T,2015,4,254
678,Su201-94,SU,1994,3,130
679,T-1174-03,T,2003,4,90
680,C-621-04,C,2004,7,117
681,T-119-14,T,2014,3,265
682,T-087-06,T,2006,5,167
683,T-589-14,T,2014,4,179
684,T-1214-08,T,2008,3,183
685,T-487-18,T,2018,2,183
686,T-870-04,T,2004,4,104
687,T-616-17,T,2017,3,218
688,T-394-01,T,2001,4,75
689,T-138-10,T,2010,3,324
690,T-979-01,T,2001,2,203
691,T-489-14,T,2014,3,144
692,C-026-98,C,1998,7,110
693,T-931-99,T,1999,5,42
694,T-1064-04,T,2004,3,98
695,C-719-07,C,2007,7,101
696,T-587-05,T,2005,6,80
697,T-457-13,T,2013,3,297
698,T-589-09,T,2009,4,179
699,C-592-98,C,1998,5,311
700,C-069-03,C,2003,7,70
701,C-429-01,C,2001,6,244
702,T-1064-06,T,2006,4,242
703,T-440-09,T,2009,4,107
704,SU1122-01,SU,2001,4,617
705,T-256-17,T,2017,5,233
706,T-497-09,T,2009,1,189
707,T-716-17,T,2017,3,278
708,T-550-13,T,2013,3,135
709,C-432-10,C,2010,8,775
710,C-624-07,C,2007,3,226
711,T-471-08,T,2008,1,162
712,C-818-99,C,1999,7,57
713,C-110-98,C,1998,6,71
714,T-466-06,T,2006,3,306
715,T-316-20,T,2020,4,379
716,C-542-93,C,1993,13,456
717,T-1277-01,T,2001,3,70
718,T-447-02,T,2002,3,99
719,C-326-21,C,2021,4,183
720,T-835-09,T,2009,3,88
721,T-769-10,T,2010,4,195
722,T-490-14,T,2014,4,142
723,T-118-97,T,1997,0,31
724,T-243-03,T,2003,7,63
725,C-273-03,C,2003,7,255
726,T-297-98,T,1998,2,56
727,T-941-11,T,2011,4,162
728,T-743-09,T,2009,3,188
729,T-329-10,T,2010,3,320
730,T-534-07,T,2007,3,101
731,C-1373-00,C,2000,4,115
732,T-772-15,T,2015,4,480
733,T-1574-00,T,2000,3,76
734,C-128-97,C,1997,7,150
735,T-629-05,T,2005,0,32
736,C-088-00,C,2000,4,173
737,T-532-92,T,1992,2,117
738,C-957-01,C,2001,3,116
739,T-320-03,T,2003,4,85
740,C-1069-01,C,2001,7,64
741,T-447-18,T,2018,3,6969
742,C-179-20,C,2020,1,651
743,T-409-06,T,2006,3,96
744,T-324-98,T,1998,4,70
745,T-855-99,T,1999,2,47
746,T-034-10,T,2010,8,286
747,T-471-03,T,2003,3,121
748,C-742-15,C,2015,5,305
749,T-471-17,T,2017,2,521
750,T-694-00,T,2000,3,256
751,T-791-13,T,2013,5,203
752,T-066-11,T,2011,3,137
753,C-191-16,C,2016,3,628
754,C-156-07,C,2007,7,226
755,T-197-08,T,2008,1,126
756,T-256-03,T,2003,5,133
757,T-151-98,T,1998,1,55
758,T-597-09,T,2009,4,134
759,T-176-14,T,2014,4,100
760,C-802-00,C,2000,4,110
761,T-693-09,T,2009,6,283
762,Su089-95,SU,1995,3,210
763,T-739-14,T,2014,5,278
764,C-395-02,C,2002,7,162
765,T-483-97,T,1997,3,79
766,T-171-09,T,2009,3,394
767,C-668-05,C,2005,6,184
768,T-437-95,T,1995,5,67
769,T-320-17,T,2017,2,301
770,T-358-10,T,2010,3,129
771,T-1000-06,T,2006,3,95
772,T-411-98,T,1998,4,57
773,T-601-10,T,2010,3,202
774,T-590-00,T,2000,3,60
775,T-476-15,T,2015,3,242
776,T-466-12,T,2012,5,319
777,T-951-09,T,2009,3,243
778,T-820-09,T,2009,3,171
779,T-499-02,T,2002,3,90
780,T-716-01,T,2001,4,40
781,T-036-15,T,2015,2,254
782,T-006-97,T,1997,0,27
783,C-579-13,C,2013,4,2836
784,T-1301-01,T,2001,1,58
785,T-178A-17,T,2017,3,236
786,SU917-10,SU,2010,4,1603
787,SU154-06,SU,2006,4,143
788,T-134-04,T,2004,3,161
789,T-848-00,T,2000,3,65
790,T-941-05,T,2005,4,167
791,C-1264-05,C,2005,7,180
792,T-290-93,T,1993,3,244
793,C-551-19,C,2019,6,211
794,T-956-14,T,2014,1,412
795,T-018-10,T,2010,4,112
796,SU747-98,SU,1998,3,174
797,T-364-99,T,1999,3,145
798,T-003-92,T,1992,4,98
799,T-831-99,T,1999,2,35
800,C-191-21,C,2021,0,400
801,T-112-14,T,2014,6,290
802,T-654-11,T,2011,2,200
803,T-789-99,T,1999,3,64
804,T-653-11,T,2011,3,149
805,T-047-03,T,2003,3,63
806,T-478-12,T,2012,2,221
807,C-479-07,C,2007,7,398
808,C-179-06,C,2006,5,140
809,SU540-07,SU,2007,2,833
810,C-541-16,C,2016,5,131
811,T-012-16,T,2016,2,371
812,C-1541-00,C,2000,7,103
813,T-620-09,T,2009,3,75
814,C-504-07,C,2007,7,113
815,T-409-10,T,2010,0,41
816,T-430-21,T,2021,3,1125
817,C-223-11,C,2011,6,357
818,T-359-98,T,1998,2,36
819,T-270-05,T,2005,3,296
820,T-633-97,T,1997,4,47
821,C-474-99,C,1999,5,137
822,C-309-20,C,2020,5,351
823,T-1269-08,T,2008,3,120
824,T-797-99,T,1999,2,73
825,C-091-14,C,2014,7,152
826,C-296-99,C,1999,6,113
827,C-1041-03,C,2003,9,130
828,T-708-15,T,2015,4,196
829,T-512-17,T,2017,3,421
830,T-608-08,T,2008,4,215
831,C-328-13,C,2013,3,161
832,T-1325-00,T,2000,3,65
833,T-457-07,T,2007,2,111
834,C-563-97,C,1997,7,115
835,C-673-02,C,2002,5,225
836,T-614-10,T,2010,4,239
837,T-294-01,T,2001,2,56
838,T-384-19,T,2019,3,243
839,T-344-14,T,2014,3,191
840,C-873-02,C,2002,7,659
841,T-1206-03,T,2003,2,32
842,C-052-95,C,1995,5,54
843,T-1152-00,T,2000,7,37
844,T-1031-05,T,2005,5,121
845,T-487-11,T,2011,4,171
846,SU640-98,SU,1998,1,167
847,T-770-11,T,2011,3,1910
848,T-1288-00,T,2000,4,51
849,T-049-10,T,2010,3,203
850,T-140-22,T,2022,5,250
851,T-991-07,T,2007,0,41
852,C-310-02,C,2002,7,113
853,T-807-99,T,1999,1,65
854,T-131-08,T,2008,4,179
855,T-683-07,T,2007,3,79
856,T-713-04,T,2004,3,89
857,T-754-05,T,2005,6,192
858,C-239-97,C,1997,5,751
859,T-071-21,T,2021,3,139
860,T-124-20,T,2020,4,244
861,T-1204-04,T,2004,6,94
862,T-244-14,T,2014,4,241
863,SU226-13,SU,2013,4,294
864,T-303-02,T,2002,4,81
865,T-682-99,T,1999,2,37
866,C-013-01,C,2001,7,84
867,T-229-06,T,2006,3,190
868,T-775-08,T,2008,3,166
869,C-564-97,C,1997,7,116
870,T-412-09,T,2009,3,379
871,T-211-05,T,2005,2,241
872,T-879-01,T,2001,4,92
873,T-011-09,T,2009,3,121
874,C-561-99,C,1999,3,161
875,T-272-14,T,2014,4,547
876,T-230-12,T,2012,5,156
877,C-785-04,C,2004,7,100
878,SU1052-00,SU,2000,3,206
879,C-326-16,C,2016,7,465
880,T-620-17,T,2017,3,268
881,C-1263-05,C,2005,3,138
882,T-159-08,T,2008,3,73
883,T-1474-00,T,2000,7,80
884,T-1450-00,T,2000,3,117
885,C-1004-05,C,2005,7,156
886,T-036-17,T,2017,3,197
887,C-479-05,C,2005,7,121
888,C-292-01,C,2001,3,660
889,C-1051-04,C,2004,7,151
890,T-038-10,T,2010,5,97
891,T-580-05,T,2005,4,141
892,T-311-11,T,2011,3,106
893,C-619-11,C,2011,6,206
894,T-284-10,T,2010,4,100
895,T-654-05,T,2005,4,117
896,C-186-11,C,2011,3,406
897,T-216-02,T,2002,3,49
898,T-791-12,T,2012,3,168
899,T-008-07,T,2007,3,69
900,C-1196-01,C,2001,7,236
901,T-925-11,T,2011,3,194
902,SU218-19,SU,2019,3,151
903,T-505-12,T,2012,3,137
904,C-626-03,C,2003,7,83
905,T-320-08,T,2008,4,195
906,T-841-11,T,2011,3,442
907,T-162-97,T,1997,3,114
908,C-347-19,C,2019,5,1127
909,T-1473-00,T,2000,3,131
910,C-336-11,C,2011,3,284
911,T-311-09,T,2009,3,236
912,T-653-05,T,2005,1,93
913,SU399-12,SU,2012,3,392
914,T-743-00,T,2000,4,53
915,T-301-07,T,2007,4,186
916,T-004-14,T,2014,3,154
917,T-344-20,T,2020,4,739
918,C-170-04,C,2004,7,568
919,T-694-02,T,2002,4,189
920,T-272-02,T,2002,4,76
921,SU014-02,SU,2002,3,220
922,T-265-07,T,2007,3,128
923,T-576-01,T,2001,5,43
924,T-554-95,T,1995,1,124
925,C-805-09,C,2009,6,166
926,T-499-18,T,2018,6,448
927,C-319-10,C,2010,7,285
928,T-881-02,T,2002,3,341
929,T-258-12,T,2012,2,101
930,C-483-08,C,2008,7,249
931,C-584-15,C,2015,7,440
932,C-802-02,C,2002,7,1709
933,T-405-06,T,2006,5,147
934,C-319-06,C,2006,8,507
935,C-090-22,C,2022,16,983
936,T-080-12,T,2012,2,144
937,T-1164-04,T,2004,4,85
938,T-020-98,T,1998,3,100
939,C-196-09,C,2009,5,314
940,T-1270-08,T,2008,3,108
941,T-856-00,T,2000,2,62
942,C-425-08,C,2008,3,471
943,C-1051-12,C,2012,4,885
944,T-426-07,T,2007,4,105
945,T-329-12,T,2012,3,331
946,C-380-96,C,1996,4,119
947,C-710-02,C,2002,6,165
948,T-610-97,T,1997,3,67
949,T-327-17,T,2017,4,729
950,T-701-04,T,2004,2,254
951,T-005-11,T,2011,3,134
952,T-361-95,T,1995,4,77
953,T-005-05,T,2005,0,33
954,C-252-11,C,2011,5,141
955,T-922-11,T,2011,3,143
956,T-105-05,T,2005,3,82
957,T-416-98,T,1998,5,92
958,T-075-99,T,1999,3,73
959,T-547-16,T,2016,4,463
960,T-064-09,T,2009,4,199
961,T-031-20,T,2020,6,338
962,T-166-05,T,2005,3,80
963,T-760-08,T,2008,4,3072
964,T-643-14,T,2014,3,179
965,T-485-14,T,2014,2,159
966,T-020-13,T,2013,3,150
967,T-765-10,T,2010,4,175
968,T-560-98,T,1998,4,73
969,C-014-97,C,1997,8,88
970,T-475-98,T,1998,4,94
971,T-214-06,T,2006,5,251
972,T-115-21,T,2021,3,168
973,T-059-08,T,2008,3,110
974,SU636-03,SU,2003,4,441
975,T-729-11,T,2011,5,199
976,T-097-22,T,2022,0,333
977,T-649-99,T,1999,0,67
978,C-663-13,C,2013,4,529
979,T-858-13,T,2013,3,253
980,T-552-00,T,2000,2,69
981,T-068-00,T,2000,2,100
982,T-168-00,T,2000,5,107
983,T-922-05,T,2005,3,62
984,T-618-19,T,2019,3,159
985,T-157-19,T,2019,3,377
986,C-823-06,C,2006,4,362
987,C-577-14,C,2014,8,1246
988,C-070-10,C,2010,5,172
989,C-631-12,C,2012,4,240
990,T-1068-06,T,2006,3,125
991,T-218-07,T,2007,3,148
992,T-493-92,T,1992,4,109
993,C-282-07,C,2007,6,243
994,SU310-17,SU,2017,5,784
995,T-694-14,T,2014,3,177
996,T-599-16,T,2016,3,534
997,T-982-99,T,1999,2,74
998,T-948-09,T,2009,3,454
999,C-205-22,C,2022,6,161
1000,T-038-99,T,1999,3,54
1001,C-264-08,C,2008,7,140
1002,C-171-01,C,2001,7,85
1003,C-022-04,C,2004,7,301
1004,C-311-03,C,2003,7,152
1005,C-047-06,C,2006,5,182
1006,C-273-00,C,2000,5,49
1007,T-098-99,T,1999,4,74
1008,C-283-97,C,1997,7,121
1009,C-269-19,C,2019,0,192
1010,T-037-02,T,2002,4,78
1011,T-094-12,T,2012,3,93
1012,SU036-99,SU,1999,3,172
1013,C-248-04,C,2004,6,260
1014,T-054-21,T,2021,3,197
1015,C-100-03,C,2003,7,108
1016,T-028-12,T,2012,3,192
1017,SU026-12,SU,2012,3,303
1018,T-110-01,T,2001,3,34
1019,T-063-11,T,2011,3,175
1020,SU168-99,SU,1999,4,145
1021,C-173-21,C,2021,3,132
1022,T-023-02,T,2002,3,159
1023,T-106-98,T,1998,0,50
1024,T-095-97,T,1997,0,23
1025,T-010-07,T,2007,4,113
1026,SU1193-00,SU,2000,3,181
1027,T-056-99,T,1999,3,60
1028,C-160-98,C,1998,4,215
1029,C-148-98,C,1998,6,131
1030,C-190-06,C,2006,7,143
1031,C-170-95,C,1995,2,321
1032,C-034-09,C,2009,3,201
1033,T-088-07,T,2007,0,43
1034,C-251-04,C,2004,6,140
1035,T-102-17,T,2017,3,227
1036,C-242-09,C,2009,3,152
1037,C-163-08,C,2008,5,195
1038,T-042-14,T,2014,3,118
1039,SU599-99,SU,1999,4,108
1040,T-081-22,T,2022,3,200
1041,C-284-02,C,2002,7,130
1042,C-201-19,C,2019,0,147
1043,C-287-09,C,2009,7,199
1044,C-287-14,C,2014,5,297
1045,T-024-17,T,2017,3,179
1046,T-084-08,T,2008,0,85
1047,T-125-05,T,2005,3,73
1048,SU157-99,SU,1999,5,276
1049,T-017-02,T,2002,3,60
1050,C-191-06,C,2006,6,120
1051,C-292-02,C,2002,7,136
1052,C-294-12,C,2012,7,259
1053,T-013-12,T,2012,4,95
1054,T-113-20,T,2020,4,196
1055,T-103-20,T,2020,3,147
1056,C-168-21,C,2021,3,90
1057,T-122-98,T,1998,3,43
1058,T-127-17,T,2017,4,125
1059,C-172-96,C,1996,5,128
1060,T-117-04,T,2004,0,43
1061,T-127-12,T,2012,3,112
1062,C-261-16,C,2016,3,217
1063,C-285-97,C,1997,3,111
1064,SU128-21,SU,2021,4,236
1065,C-260-96,C,1996,2,95
1066,C-289-02,C,2002,6,78
1067,C-197-12,C,2012,1,337
1068,T-077-22,T,2022,3,173
1069,C-111-07,C,2007,7,126
1070,T-095-22,T,2022,3,204
1071,T-040-98,T,1998,4,91
1072,C-128-06,C,2006,6,138
1073,C-180-05,C,2005,7,140
1074,SU1553-00,SU,2000,3,158
1075,T-067-00,T,2000,2,61
1076,C-198-12,C,2012,6,258
1077,T-101-15,T,2015,4,110
1078,T-113-97,T,1997,0,36
1079,SU1554-00,SU,2000,2,159
1080,T-126-97,T,1997,3,121
1081,SU260-21,SU,2021,3,280
1082,SU1382-00,SU,2000,2,100
1083,C-296-21,C,2021,2,176
1084,C-126-00,C,2000,6,107
1085,C-248-94,C,1994,4,186
1086,T-011-16,T,2016,2,79
1087,T-100-95,T,1995,3,95
1088,C-155-99,C,1999,6,117
1089,C-127-96,C,1996,5,91
1090,T-126-07,T,2007,2,49
1091,C-260-22,C,2022,6,301
1092,T-121-94,T,1994,4,48
1093,C-173-17,C,2017,5,186
1094,C-283-04,C,2004,8,58
1095,su458-93,SU,1993,3,72
1096,SU787-12,SU,2012,3,360
1097,T-125-21,T,2021,4,470
1098,C-196-13,C,2013,3,172
1099,T-126-17,T,2017,4,77
1100,T-114-97,T,1997,3,76
1101,C-058-02,C,2002,7,269
1102,C-240-05,C,2005,7,117
1103,T-004-05,T,2005,4,93
1104,C-104-05,C,2005,8,122
1105,C-012-00,C,2000,7,142
1106,C-226-14,C,2014,7,189
1107,T-025-95,T,1995,3,83
1108,C-167-14,C,2014,7,206
1109,T-002-04,T,2004,4,57
1110,T-035-97,T,1997,2,171
1111,T-105-01,T,2001,3,36
1112,T-086-09,T,2009,3,98
1113,T-120-97,T,1997,0,75
1114,T-115-97,T,1997,4,52
1115,C-254-11,C,2011,7,224
1116,C-104-18,C,2018,3,65
1117,T-073-05,T,2005,3,81
1118,C-283-02,C,2002,6,96
1119,C-126-13,C,2013,7,116
1120,C-255-14,C,2014,7,205
1121,T-096-04,T,2004,3,54
1122,T-089-06,T,2006,3,160
1123,T-086-20,T,2020,3,201
1124,C-245-11,C,2011,8,120
1125,C-251-96,C,1996,6,133
1126,T-116-16,T,2016,3,218
1127,C-123-13,C,2013,7,166
1128,C-127-00,C,2000,5,105
1129,SU014-01,SU,2001,3,247
1130,T-030-01,T,2001,6,124
1131,SU566-19,SU,2019,2,341
1132,T-107-22,T,2022,1,205
1133,T-040-05,T,2005,3,152
1134,C-169-04,C,2004,5,267
1135,SU563-99,SU,1999,3,162
1136,C-041-04,C,2004,5,294
1137,SU257-99,SU,1999,3,85
1138,T-016-99,T,1999,3,142
1139,C-108-13,C,2013,6,156
1140,C-179-14,C,2014,8,290
1141,T-026-06,T,2006,3,134
1142,SU1116-01,SU,2001,3,83
1143,C-285-02,C,2002,3,160
1144,C-271-96,C,1996,7,78
1145,C-247-99,C,1999,3,318
1146,T-115-95,T,1995,2,126
1147,T-110-21,T,2021,3,170
1148,C-100-96,C,1996,6,126
1149,C-159-98,C,1998,7,153
1150,C-150-04,C,2004,6,262
1151,T-119-16,T,2016,3,259
1152,T-081-93,T,1993,0,96
1153,C-308-04,C,2004,7,131
1154,T-015-08,T,2008,3,74
1155,C-242-97,C,1997,5,175
1156,T-056-14,T,2014,3,131
1157,T-105-99,T,1999,1,25
1158,C-052-01,C,2001,6,160
1159,T-012-15,T,2015,6,256
1160,C-272-94,C,1994,6,101
1161,C-271-00,C,2000,7,120
1162,T-118-17,T,2017,3,99
1163,C-211-03,C,2003,5,187
1164,T-111-94,T,1994,3,56
1165,C-264-02,C,2002,4,185
1166,T-104-11,T,2011,3,164
1167,T-070-01,T,2001,4,64
1168,C-107-04,C,2004,6,179
1169,T-103-95,T,1995,2,93
1170,C-153-03,C,2003,5,90
1171,SU132-02,SU,2002,2,218
1172,T-094-02,T,2002,3,68
1173,C-100-01,C,2001,7,158
1174,C-168-95,C,1995,6,157
1175,T-097-18,T,2018,3,113
1176,C-257-09,C,2009,7,110
1177,T-114-20,T,2020,5,206
1178,T-075-96,T,1996,2,94
1179,SU068-18,SU,2018,2,196
1180,SU391-16,SU,2016,3,218
1181,C-283-19,C,2019,0,187
1182,C-168-01,C,2001,3,141
1183,T-083-07,T,2007,3,113
1184,C-269-00,C,2000,6,178
1185,T-017-08,T,2008,3,70
1186,C-118-06,C,2006,7,213
1187,C-191-19,C,2019,6,196
1188,T-017-99,T,1999,1,26
1189,T-013-07,T,2007,3,174
1190,SU090-18,SU,2018,3,221
1191,T-042-22,T,2022,3,109
1192,C-180-97,C,1997,0,179
1193,C-108-17,C,2017,7,301
1194,SU479-97,SU,1997,3,84
1195,T-120-94,T,1994,4,48
1196,T-045-95,T,1995,3,66
1197,T-090-95,T,1995,5,124
1198,C-308-09,C,2009,6,221
1199,C-135-97,C,1997,5,119
1200,C-249-04,C,2004,6,237
1201,T-080-97,T,1997,0,44
1202,C-291-00,C,2000,4,101
1203,T-112-21,T,2021,3,218
1204,T-064-95,T,1995,3,76
1205,T-006-00,T,2000,2,85
1206,C-175-04,C,2004,7,156
1207,C-146-97,C,1997,4,337
1208,T-023-07,T,2007,4,132
1209,T-106-17,T,2017,3,151
1210,C-278-22,C,2022,10,179
1211,C-244-09,C,2009,7,138
1212,C-286-02,C,2002,5,186
1213,C-001-18,C,2018,6,217
1214,T-035-21,T,2021,4,268
1215,T-039-12,T,2012,4,146
1216,C-161-00,C,2000,5,212
1217,T-111-11,T,2011,2,152
1218,T-092-19,T,2019,3,200
1219,T-114-07,T,2007,5,129
1220,T-016-06,T,2006,2,153
1221,T-051-13,T,2013,4,132
1222,T-103-12,T,2012,3,125
1223,T-048-99,T,1999,3,152
1224,C-134-97,C,1997,4,100
1225,T-115-02,T,2002,3,54
1226,T-044-07,T,2007,3,101
1227,T-062-16,T,2016,4,169
1228,C-224-13,C,2013,3,266
1229,T-068-02,T,2002,4,87
1230,T-074-15,T,2015,12,234
1231,T-078-95,T,1995,0,63
1232,T-012-96,T,1996,3,58
1233,C-230-98,C,1998,6,103
1234,C-176-01,C,2001,4,47
1235,T-018-01,T,2001,3,71
1236,T-046-15,T,2015,3,145
1237,T-100-12,T,2012,3,75
1238,SU1158-03,SU,2003,0,280
1239,T-127-15,T,2015,5,136
1240,T-077-98,T,1998,5,68
1241,T-062-03,T,2003,6,55
1242,C-305-12,C,2012,6,245
1243,T-070-11,T,2011,4,135
1244,C-282-13,C,2013,3,221
1245,C-002-99,C,1999,7,103
1246,C-055-01,C,2001,6,77
1247,T-123-02,T,2002,5,125
1248,T-110-15,T,2015,5,170
1249,T-087-96,T,1996,4,144
1250,C-270-21,C,2021,6,364
1251,T-016-05,T,2005,4,73
1252,C-076-04,C,2004,7,75
1253,T-030-96,T,1996,4,67
1254,T-119-97,T,1997,0,66
1255,T-121-00,T,2000,2,69
1256,SU136-22,SU,2022,3,358
1257,C-263-94,C,1994,4,99
1258,T-100-99,T,1999,0,27
1259,C-274-03,C,2003,7,91
1260,SU786-99,SU,1999,2,114
1261,C-025-12,C,2012,3,290
1262,C-255-97,C,1997,7,126
1263,C-229-95,C,1995,1,174
1264,T-053-04,T,2004,3,74
1265,T-038-05,T,2005,2,113
1266,C-116-05,C,2005,7,75
1267,C-260-09,C,2009,3,104
1268,SU553-15,SU,2015,4,279
1269,C-107-21,C,2021,3,213
1270,C-233-98,C,1998,4,88
1271,T-113-04,T,2004,4,55
1272,T-023-10,T,2010,5,229
1273,C-042-06,C,2006,7,313
1274,T-105-12,T,2012,3,186
1275,T-119-10,T,2010,3,190
1276,T-076-95,T,1995,3,64
1277,T-054-10,T,2010,3,162
1278,T-128-17,T,2017,3,66
1279,C-186-96,C,1996,4,160
1280,T-071-99,T,1999,3,84
1281,T-077-10,T,2010,2,121
1282,T-016-08,T,2008,0,80
1283,T-028-05,T,2005,5,231
1284,SU039-97,SU,1997,3,323
1285,SU071-13,SU,2013,4,291
1286,T-036-11,T,2011,3,212
1287,C-182-07,C,2007,7,103
1288,C-252-95,C,1995,4,93
1289,T-103-01,T,2001,3,37
1290,SU1070-03,SU,2003,4,262
1291,C-247-17,C,2017,3,178
1292,C-243-21,C,2021,3,156
1293,T-118-15,T,2015,3,193
1294,C-292-07,C,2007,7,168
1295,C-196-97,C,1997,3,145
1296,C-284-09,C,2009,5,135
1297,C-187-03,C,2003,7,154
1298,C-147-22,C,2022,3,151
1299,T-129-12,T,2012,3,187
1300,SU478-97,SU,1997,3,185
1301,T-064-06,T,2006,5,175
1302,C-220-15,C,2015,7,194
1303,T-061-06,T,2006,3,101
1304,T-113-03,T,2003,2,104
1305,C-182-02,C,2002,7,64
1306,C-285-17,C,2017,3,332
1307,C-234-02,C,2002,7,89
1308,C-289-12,C,2012,7,247
1309,C-201-01,C,2001,4,135
1310,C-297-10,C,2010,4,399
1311,T-053-96,T,1996,3,84
1312,T-066-14,T,2014,4,72
1313,C-236-14,C,2014,6,262
1314,C-121-96,C,1996,4,50
1315,T-117-11,T,2011,3,121
1316,T-034-04,T,2004,4,170
1317,C-292-19,C,2019,7,237
1318,C-300-98,C,1998,6,104
1319,T-018-06,T,2006,0,33
1320,C-301-99,C,1999,3,88
1321,C-148-03,C,2003,7,341
1322,T-090-04,T,2004,0,26
1323,T-107-18,T,2018,3,211
1324,T-041-13,T,2013,3,94
1325,T-032-12,T,2012,3,174
1326,T-091-94,T,1994,4,53
1327,C-307-95,C,1995,3,67
1328,T-106-03,T,2003,5,44
1329,C-249-99,C,1999,5,125
1330,SU1149-00,SU,2000,5,545
1331,T-015-02,T,2002,3,67
1332,C-303-99,C,1999,4,177
1333,T-123-97,T,1997,0,34
1334,C-286-09,C,2009,3,241
1335,SU134-98,SU,1998,6,127
1336,T-087-03,T,2003,0,37
1337,T-099-12,T,2012,3,87
1338,SU641-98,SU,1998,0,187
1339,T-048-03,T,2003,3,65
1340,T-069-02,T,2002,3,59
1341,T-054-09,T,2009,5,136
1342,T-070-22,T,2022,3,147
1343,T-104-21,T,2021,3,224
1344,SU264-15,SU,2015,3,307
1345,C-102-04,C,2004,7,98
1346,T-100-20,T,2020,3,133
1347,C-057-02,C,2002,4,217
1348,C-190-96,C,1996,5,123
1349,C-278-11,C,2011,5,165
1350,T-085-10,T,2010,3,110
1351,C-177-09,C,2009,6,213
1352,T-090-20,T,2020,3,216
1353,T-036-97,T,1997,4,64
1354,C-251-19,C,2019,3,192
1355,SU445-19,SU,2019,3,138
1356,C-137-22,C,2022,7,135
1357,SU509-01,SU,2001,0,222
1358,T-029-05,T,2005,4,90
1359,C-294-22,C,2022,6,193
1360,C-259-95,C,1995,7,198
1361,T-080-22,T,2022,2,351
1362,T-129-09,T,2009,5,102
1363,C-259-09,C,2009,3,123
1364,C-308-20,C,2020,3,334
1365,C-155-02,C,2002,6,184
1366,C-238-12,C,2012,7,267
1367,T-122-02,T,2002,2,61
1368,C-265-95,C,1995,6,93
1369,T-124-16,T,2016,2,112
1370,SU1148-00,SU,2000,3,75
1371,SU003-18,SU,2018,3,187
1372,T-120-02,T,2002,7,102
1373,T-071-18,T,2018,4,98
1374,C-110-99,C,1999,7,109
1375,C-125-04,C,2004,7,76
1376,C-120-20,C,2020,7,250
1377,C-125-13,C,2013,6,136
1378,C-115-05,C,2005,6,93
1379,C-136-97,C,1997,5,103
1380,T-127-07,T,2007,0,36
1381,T-024-11,T,2011,4,250
1382,C-160-00,C,2000,4,314
1383,C-244-06,C,2006,7,111
1384,C-177-94,C,1994,3,151
1385,T-024-07,T,2007,3,328
1386,C-188-99,C,1999,6,95
1387,SU225-13,SU,2013,3,178
1388,C-170-01,C,2001,5,194
1389,T-017-01,T,2001,3,46
1390,C-164-15,C,2015,3,253
1391,C-298-22,C,2022,7,193
1392,SU399-19,SU,2019,4,286
1393,C-281-07,C,2007,7,134
1394,T-064-11,T,2011,3,171
1395,C-254-99,C,1999,4,174
1396,T-113-15,T,2015,3,157
1397,T-041-09,T,2009,3,81
1398,T-119-17,T,2017,3,135
1399,T-074-01,T,2001,2,57
1400,SU1167-01,SU,2001,3,192
1401,T-011-04,T,2004,6,134
1402,T-028-16,T,2016,3,151
1403,C-243-12,C,2012,7,196
1404,T-112-13,T,2013,3,78
1405,T-057-20,T,2020,3,61
1406,T-035-10,T,2010,4,229
1407,C-119-06,C,2006,7,205
1408,C-132-03,C,2003,7,63
1409,T-036-13,T,2013,3,278
1410,C-246-06,C,2006,7,138
1411,T-034-12,T,2012,1,312
1412,T-032-20,T,2020,4,240
1413,C-282-04,C,2004,7,54
1414,T-022-22,T,2022,3,346
1415,C-165-93,C,1993,4,167
1416,T-039-96,T,1996,3,102
1417,C-040-00,C,2000,4,121
1418,SU407-13,SU,2013,4,209
1419,T-067-95,T,1995,3,116
1420,T-062-95,T,1995,3,78
1421,C-109-20,C,2020,7,279
1422,C-124-03,C,2003,5,144
1423,C-248-17,C,2017,7,177
1424,C-175-17,C,2017,3,127
1425,C-108-97,C,1997,6,78
1426,T-027-10,T,2010,4,105
1427,T-098-21,T,2021,3,223
1428,C-227-08,C,2008,3,159
1429,T-016-02,T,2002,4,81
1430,C-176-04,C,2004,6,140
1431,T-032-02,T,2002,4,62
1432,T-058-97,T,1997,2,70
1433,SU1723-00,SU,2000,2,212
1434,C-298-10,C,2010,5,337
1435,C-244-13,C,2013,3,151
1436,T-098-04,T,2004,6,139
1437,SU131-13,SU,2013,2,148
1438,T-106-22,T,2022,3,188
1439,T-102-07,T,2007,3,133
1440,C-157-04,C,2004,6,118
1441,T-052-22,T,2022,3,149
1442,T-113-02,T,2002,4,73
1443,SU913-01,SU,2001,6,150
1444,T-016-15,T,2015,3,124
1445,C-294-07,C,2007,3,83
1446,SU646-99,SU,1999,4,109
1447,T-076-02,T,2002,0,31
1448,T-120-95,T,1995,3,53
1449,C-128-11,C,2011,3,197
1450,T-075-19,T,2019,3,121
1451,SU1721-00,SU,2000,2,150
1452,T-119-04,T,2004,4,64
1453,C-164-00,C,2000,4,163
1454,T-026-97,T,1997,3,78
1455,T-112-01,T,2001,2,42
1456,C-290-14,C,2014,7,175
1457,T-015-21,T,2021,2,136
1458,T-055-12,T,2012,3,157
1459,T-044-05,T,2005,3,84
1460,T-077-05,T,2005,3,115
1461,T-091-10,T,2010,3,115
1462,T-075-05,T,2005,4,62
1463,T-098-17,T,2017,4,114
1464,C-051-01,C,2001,4,83
1465,SU416-15,SU,2015,3,225
1466,T-033-98,T,1998,5,64
1467,C-262-16,C,2016,6,328
1468,C-173-04,C,2004,8,133
1469,C-014-13,C,2013,8,144
1470,C-270-99,C,1999,2,132
1471,C-230-04,C,2004,0,204
1472,SU1720-00,SU,2000,5,104
1473,T-041-96,T,1996,8,113
1474,SU429-98,SU,1998,3,165
1475,T-038-14,T,2014,3,74
1476,C-263-08,C,2008,7,140
1477,C-197-97,C,1997,3,126
1478,C-157-13,C,2013,3,291
1479,C-071-04,C,2004,5,190
1480,SU228-21,SU,2021,3,291
1481,C-223-16,C,2016,7,239
1482,C-298-99,C,1999,6,105
1483,C-292-00,C,2000,5,67
1484,C-120-13,C,2013,8,286
1485,C-123-08,C,2008,7,214
1486,T-031-94,T,1994,2,102
1487,T-099-06,T,2006,3,91
1488,T-025-14,T,2014,6,368
1489,T-036-04,T,2004,4,99
1490,T-058-04,T,2004,0,33
1491,T-109-99,T,1999,0,29
1492,SU134-22,SU,2022,2,233
1493,T-127-05,T,2005,2,90
1494,SU115-18,SU,2018,3,167
1495,C-114-99,C,1999,3,176
1496,T-035-01,T,2001,4,57
1497,T-057-05,T,2005,4,137
1498,T-116-00,T,2000,2,47
1499,T-124-07,T,2007,3,124
1500,T-069-14,T,2014,3,215
1501,T-122-07,T,2007,5,158
1502,C-307-09,C,2009,7,341
1503,C-226-99,C,1999,4,246
1504,C-280-95,C,1995,1,249
1505,C-274-98,C,1998,3,77
1506,su491-93,SU,1993,0,96
1507,SU024-18,SU,2018,5,201
1508,C-294-10,C,2010,2,68
1509,T-114-01,T,2001,3,72
1510,C-169-95,C,1995,5,66
1511,T-029-98,T,1998,3,85
1512,C-202-16,C,2016,3,266
1513,C-232-95,C,1995,6,69
1514,C-194-95,C,1995,6,316
1515,T-129-05,T,2005,6,169
1516,C-163-99,C,1999,7,116
1517,SU1722-00,SU,2000,4,155
1518,SU135-98,SU,1998,6,107
1519,C-303-21,C,2021,7,179
1520,SU1299-01,SU,2001,2,155
1521,T-039-01,T,2001,3,62
1522,SU805-03,SU,2003,4,84
1523,SU378-14,SU,2014,4,277
1524,T-018-20,T,2020,1,108
1525,T-034-95,T,1995,0,67
1526,T-094-95,T,1995,3,95
1527,T-125-14,T,2014,4,121
1528,T-008-00,T,2000,2,66
1529,C-108-00,C,2000,6,142
1530,T-124-17,T,2017,4,170
1531,T-022-14,T,2014,3,167
1532,T-005-15,T,2015,3,142
1533,C-302-12,C,2012,3,242
1534,SU645-97,SU,1997,3,135
1535,C-297-99,C,1999,6,62
1536,C-240-97,C,1997,8,84
1537,C-190-17,C,2017,7,219
1538,C-264-94,C,1994,3,95
1539,SU613-02,SU,2002,2,287
1540,T-129-06,T,2006,3,70
1541,C-291-97,C,1997,6,70
1542,C-131-03,C,2003,4,102
1543,T-016-00,T,2000,2,73
1544,C-015-20,C,2020,5,216
1545,T-045-15,T,2015,4,136
1546,T-124-01,T,2001,4,38
1547,T-116-95,T,1995,3,94
1548,SU139-19,SU,2019,3,235
1549,T-122-95,T,1995,3,63
1550,C-121-04,C,2004,6,170
1551,T-101-21,T,2021,3,261
1552,C-303-01,C,2001,6,201
1553,C-299-98,C,1998,7,123
1554,T-125-98,T,1998,4,129
1555,C-273-96,C,1996,3,72
1556,C-233-03,C,2003,6,117
1557,C-125-11,C,2011,5,346
1558,C-228-96,C,1996,6,75
1559,T-047-12,T,2012,2,119
1560,C-100-19,C,2019,5,158
1561,T-117-15,T,2015,4,82
1562,C-116-96,C,1996,7,109
1563,C-228-15,C,2015,7,138
1564,T-055-02,T,2002,3,70
1565,T-129-96,T,1996,3,96
1566,C-261-02,C,2002,4,179
1567,C-252-03,C,2003,6,166
1568,C-109-96,C,1996,3,164
1569,C-185-99,C,1999,4,114
1570,C-106-04,C,2004,7,173
1571,C-105-04,C,2004,6,256
1572,T-121-21,T,2021,3,130
1573,C-153-99,C,1999,2,174
1574,T-124-95,T,1995,5,76
1575,T-048-11,T,2011,3,53
1576,T-120-11,T,2011,2,183
1577,T-104-96,T,1996,0,156
1578,C-251-13,C,2013,2,123
1579,C-305-21,C,2021,3,201
1580,T-033-07,T,2007,4,252
1581,T-128-12,T,2012,3,113
1582,T-121-14,T,2014,3,178
1583,T-128-09,T,2009,4,135
1584,C-128-96,C,1996,6,48
1585,T-084-11,T,2011,1,134
1586,C-166-14,C,2014,6,257
1587,T-015-01,T,2001,5,86
1588,T-115-09,T,2009,2,117
1589,C-116-99,C,1999,6,133
1590,C-293-07,C,2007,4,226
1591,T-068-19,T,2019,3,288
1592,C-181-10,C,2010,1,185
1593,T-056-02,T,2002,1,29
1594,T-100-06,T,2006,4,59
1595,T-022-08,T,2008,4,120
1596,T-116-15,T,2015,3,101
1597,T-025-07,T,2007,2,232
1598,C-225-21,C,2021,6,182
1599,T-114-95,T,1995,3,91
1600,C-100-18,C,2018,3,168
1601,T-044-11,T,2011,3,149
1602,C-173-14,C,2014,3,128
1603,T-129-14,T,2014,2,129
1604,C-105-97,C,1997,6,130
1605,C-192-96,C,1996,3,155
1606,T-016-01,T,2001,4,47
1607,T-017-13,T,2013,3,135
1608,T-034-21,T,2021,3,170
1609,C-262-01,C,2001,7,155
1610,T-111-01,T,2001,3,46
1611,T-120-16,T,2016,4,207
1612,C-151-03,C,2003,6,132
1613,T-122-96,T,1996,3,95
1614,T-118-93,T,1993,3,35
1615,T-022-19,T,2019,3,235
1616,C-187-97,C,1997,9,198
1617,C-138-97,C,1997,3,112
1618,T-118-03,T,2003,5,68
1619,T-088-99,T,1999,3,80
1620,T-027-94,T,1994,4,57
1621,T-118-16,T,2016,3,108
1622,T-052-94,T,1994,3,107
1623,C-215-07,C,2007,7,89
1624,C-293-95,C,1995,7,198
1625,C-019-93,C,1993,7,242
1626,T-050-98,T,1998,3,106
1627,C-170-14,C,2014,7,288
1628,C-304-21,C,2021,7,302
1629,T-028-99,T,1999,4,67
1630,C-260-01,C,2001,5,152
1631,T-086-96,T,1996,3,90
1632,C-309-04,C,2004,5,370
1633,C-183-10,C,2010,1,82
1634,C-290-10,C,2010,6,330
1635,T-126-14,T,2014,2,138
1636,C-227-14,C,2014,3,151
1637,C-075-04,C,2004,6,123
1638,C-266-95,C,1995,5,348
1639,T-068-97,T,1997,2,94
1640,T-120-05,T,2005,3,77
1641,C-114-06,C,2006,6,158
1642,C-243-96,C,1996,4,141
1643,SU960-99,SU,1999,3,176
1644,C-228-04,C,2004,5,122
1645,C-158-03,C,2003,7,94
1646,C-188-06,C,2006,7,270
1647,C-122-20,C,2020,7,251
1648,C-049-06,C,2006,7,114
1649,C-303-13,C,2013,3,240
1650,C-256-97,C,1997,4,185
1651,C-229-04,C,2004,7,124
1652,C-304-99,C,1999,6,124
1653,T-036-06,T,2006,3,97
1654,C-312-02,C,2002,6,126
1655,T-082-18,T,2018,3,170
1656,C-162-00,C,2000,7,157
1657,T-121-99,T,1999,4,83
1658,C-172-10,C,2010,3,254
1659,T-116-01,T,2001,3,30
1660,T-096-12,T,2012,3,78
1661,C-220-19,C,2019,3,251
1662,C-152-02,C,2002,7,198
1663,T-114-03,T,2003,2,77
1664,C-189-21,C,2021,6,176
1665,C-152-96,C,1996,6,230
1666,T-011-14,T,2014,1,352
1667,C-312-17,C,2017,7,170
1668,C-276-98,C,1998,6,43
1669,T-101-94,T,1994,5,63
1670,T-080-03,T,2003,4,57
1671,C-162-99,C,1999,3,124
1672,SU091-00,SU,2000,3,297
1673,T-050-14,T,2014,4,157
1674,T-119-00,T,2000,2,62
1675,T-078-15,T,2015,3,212
1676,C-169-21,C,2021,4,126
1677,T-125-09,T,2009,5,205
1678,C-245-01,C,2001,4,164
1679,SU424-12,SU,2012,3,254
1680,T-013-09,T,2009,4,115
1681,T-126-10,T,2010,5,124
1682,C-178-05,C,2005,7,151
1683,C-209-97,C,1997,5,202
1684,SU519-97,SU,1997,3,285
1685,T-040-14,T,2014,3,105
1686,SU023-15,SU,2015,4,190
1687,C-204-01,C,2001,6,125
1688,T-026-14,T,2014,3,207
1689,T-115-13,T,2013,4,129
1690,C-239-10,C,2010,4,241
1691,T-119-05,T,2005,3,72
1692,C-267-14,C,2014,3,389
1693,T-099-95,T,1995,3,120
1694,T-073-94,T,1994,2,57
1695,T-112-10,T,2010,3,131
1696,T-126-08,T,2008,3,106
1697,T-029-14,T,2014,0,266
1698,T-072-02,T,2002,2,126
1699,C-108-02,C,2002,6,87
1700,C-260-08,C,2008,7,131
1701,C-208-97,C,1997,7,48
1702,C-250-03,C,2003,6,328
1703,C-166-95,C,1995,8,148
1704,SU061-01,SU,2001,3,189
1705,C-300-02,C,2002,5,158
1706,C-231-16,C,2016,2,89
1707,C-215-17,C,2017,7,107
1708,C-131-97,C,1997,5,258
1709,T-012-17,T,2017,4,355
1710,T-070-97,T,1997,4,98
1711,T-016-10,T,2010,3,157
1712,C-105-13,C,2013,2,338
1713,su476-97,SU,1997,0,197
1714,T-104-08,T,2008,4,114
1715,C-130-00,C,2000,5,50
1716,SU022-98,SU,1998,3,61
1717,C-031-22,C,2022,5,152
1718,T-102-99,T,1999,0,23
1719,C-110-96,C,1996,2,119
1720,T-125-02,T,2002,4,128
1721,C-159-07,C,2007,7,135
1722,C-199-99,C,1999,2,97
1723,T-023-00,T,2000,6,187
1724,T-072-12,T,2012,5,203
1725,T-063-07,T,2007,4,103
1726,C-127-13,C,2013,4,233
1727,C-298-02,C,2002,7,119
1728,C-133-21,C,2021,7,255
1729,T-123-00,T,2000,2,53
1730,T-119-07,T,2007,3,108
1731,SU350-19,SU,2019,3,146
1732,T-117-01,T,2001,0,27
1733,C-249-13,C,2013,5,192
1734,T-037-10,T,2010,4,158
1735,T-125-19,T,2019,4,105
1736,T-104-99,T,1999,0,30
1737,T-101-00,T,2000,2,54
1738,T-050-07,T,2007,4,188
1739,C-261-22,C,2022,7,406
1740,T-116-07,T,2007,5,177
1741,T-098-11,T,2011,3,151
1742,C-269-98,C,1998,3,96
1743,C-289-16,C,2016,3,232
1744,C-198-97,C,1997,6,123
1745,T-003-15,T,2015,3,373
1746,T-001-01,T,2001,2,75
1747,C-177-02,C,2002,7,150
1748,T-119-03,T,2003,1,121
1749,SU062-10,SU,2010,3,344
1750,C-272-00,C,2000,4,64
1751,T-058-20,T,2020,3,127
1752,T-083-94,T,1994,3,42
1753,C-280-04,C,2004,7,452
1754,C-156-07,C,2007,7,226
1755,SU508-01,SU,2001,0,168
1756,C-291-19,C,2019,2,205
1757,T-059-04,T,2004,0,49
1758,T-061-96,T,1996,3,82
1759,T-085-08,T,2008,4,81
1760,T-104-00,T,2000,3,57
1761,C-307-22,C,2022,3,156
1762,T-069-07,T,2007,4,107
1763,SU057-03,SU,2003,3,89
1764,C-101-07,C,2007,6,96
1765,C-127-98,C,1998,3,128
1766,C-183-02,C,2002,3,104
1767,C-282-97,C,1997,6,121
1768,C-118-21,C,2021,5,331
1769,T-070-06,T,2006,4,148
1770,T-031-04,T,2004,4,63
1771,T-095-12,T,2012,3,97
1772,C-209-00,C,2000,7,112
1773,C-258-08,C,2008,5,157
1774,C-240-10,C,2010,7,159
1775,C-122-04,C,2004,7,111
1776,C-123-04,C,2004,7,322
1777,C-225-19,C,2019,7,267
1778,C-277-19,C,2019,3,217
1779,SU110-02,SU,2002,1,241
1780,C-306-96,C,1996,7,96
1781,T-082-06,T,2006,2,87
1782,T-118-05,T,2005,3,89
1783,SU998-00,SU,2000,0,194
1784,C-115-96,C,1996,4,78
1785,T-058-12,T,2012,3,97
1786,C-263-02,C,2002,7,173
1787,T-090-08,T,2008,0,76
1788,C-283-21,C,2021,7,179
1789,T-027-05,T,2005,4,257
1790,C-300-16,C,2016,6,163
1791,C-253-95,C,1995,3,169
1792,C-304-01,C,2001,7,64
1793,C-204-16,C,2016,3,312
1794,T-086-17,T,2017,2,244
1795,C-106-94,C,1994,6,110
1796,T-036-95,T,1995,5,88
1797,SU038-08,SU,2008,4,184
1798,T-037-99,T,1999,3,76
1799,T-082-98,T,1998,4,65
1800,T-117-93,T,1993,4,49
1801,T-022-93,T,1993,4,202
1802,C-299-02,C,2002,6,141
1803,C-045-01,C,2001,3,77
1804,C-129-02,C,2002,7,112
1805,C-279-96,C,1996,8,228
1806,C-237-12,C,2012,7,329
1807,C-295-95,C,1995,7,140
1808,T-052-02,T,2002,3,66
1809,C-230-16,C,2016,8,272
1810,C-124-06,C,2006,6,257
1811,T-057-99,T,1999,2,83
1812,T-121-09,T,2009,4,142
1813,C-258-16,C,2016,7,242
1814,C-198-01,C,2001,8,295
1815,C-134-18,C,2018,7,141
1816,SU224-98,SU,1998,3,160
1817,C-179-95,C,1995,6,130
1818,C-158-22,C,2022,7,148
1819,C-250-96,C,1996,6,139
1820,C-109-18,C,2018,2,170
1821,T-093-04,T,2004,3,52
1822,C-264-11,C,2011,2,131
1823,T-071-02,T,2002,3,134
1824,SU288-16,SU,2016,3,244
1825,C-292-96,C,1996,4,147
1826,C-247-09,C,2009,7,126
1827,C-164-99,C,1999,4,161
1828,SU087-99,SU,1999,3,103
1829,C-258-22,C,2022,8,132
1830,C-122-18,C,2018,0,79
1831,T-063-99,T,1999,3,55
1832,C-044-04,C,2004,6,131
1833,SU874-14,SU,2014,3,311
1834,C-243-01,C,2001,5,152
1835,C-043-04,C,2004,7,258
1836,T-122-16,T,2016,4,256
1837,C-134-09,C,2009,3,163
1838,SU136-98,SU,1998,3,114
1839,C-284-96,C,1996,7,92
1840,C-290-07,C,2007,7,171
1841,T-015-05,T,2005,4,65
1842,C-306-12,C,2012,3,206
1843,C-278-06,C,2006,7,185
1844,T-092-04,T,2004,0,80
1845,C-104-04,C,2004,1,172
1846,T-007-00,T,2000,2,78
1847,T-087-13,T,2013,3,185
1848,T-128-14,T,2014,3,161
1849,C-183-16,C,2016,7,126
1850,T-052-13,T,2013,3,96
1851,T-038-19,T,2019,3,120
1852,T-128-94,T,1994,4,130
1853,T-051-04,T,2004,2,67
1854,C-275-99,C,1999,1,132
1855,T-017-06,T,2006,0,38
1856,C-126-96,C,1996,6,90
1857,SU640-98,SU,1998,1,167
1858,T-093-97,T,1997,3,91
1859,SU111-97,SU,1997,3,145
1860,T-049-10,T,2010,3,203
1861,SU1113-00,SU,2000,4,78
1862,T-014-06,T,2006,4,129
1863,C-263-14,C,2014,7,168
1864,T-093-15,T,2015,5,174
1865,C-211-20,C,2020,3,263
1866,T-103-07,T,2007,3,60
1867,T-061-20,T,2020,4,156
1868,SU961-99,SU,1999,2,210
1869,C-307-19,C,2019,7,218
1870,C-120-04,C,2004,5,224
1871,T-097-00,T,2000,2,45
1872,T-023-99,T,1999,1,37
1873,T-095-06,T,2006,2,37
1874,C-185-03,C,2003,6,162
1875,T-046-97,T,1997,4,70
1876,C-126-06,C,2006,5,144
1877,C-174-01,C,2001,7,129
1878,C-161-99,C,1999,0,104
1879,C-158-97,C,1997,7,112
1880,SU132-13,SU,2013,3,321
1881,SU667-98,SU,1998,2,185
1882,SU522-19,SU,2019,3,196
1883,C-265-02,C,2002,7,156
1884,C-281-13,C,2013,3,116
1885,C-257-98,C,1998,6,88
1886,T-015-99,T,1999,4,70
1887,SU691-11,SU,2011,2,448
1888,T-110-93,T,1993,3,72
1889,T-024-96,T,1996,0,184
1890,T-092-12,T,2012,3,114
1891,T-047-98,T,1998,3,66
1892,T-014-09,T,2009,5,146
1893,C-268-21,C,2021,7,188
1894,T-110-04,T,2004,3,84
1895,T-107-00,T,2000,3,74
1896,C-050-06,C,2006,7,73
1897,SU048-21,SU,2021,3,258
1898,C-252-13,C,2013,6,86
1899,T-030-13,T,2013,3,252
1900,SU167-99,SU,1999,5,122
1901,SU337-98,SU,1998,3,210
1902,T-121-19,T,2019,3,151
1903,C-255-09,C,2009,6,186
1904,SU717-98,SU,1998,2,104
1905,T-081-04,T,2004,5,114
1906,T-112-04,T,2004,4,76
1907,SU026-21,SU,2021,3,191
1908,T-119-94,T,1994,4,44
1909,T-066-96,T,1996,2,71
1910,C-004-17,C,2017,3,151
1911,T-044-96,T,1996,3,71
1912,C-108-04,C,2004,8,92
1913,SU542-99,SU,1999,0,170
1914,C-310-04,C,2004,6,584
1915,C-268-98,C,1998,5,66
1916,C-296-02,C,2002,6,157
1917,T-013-06,T,2006,4,156
1918,T-091-07,T,2007,3,135
1919,T-084-03,T,2003,0,32
1920,C-242-12,C,2012,7,195
1921,T-056-20,T,2020,3,124
1922,SU158-13,SU,2013,3,165
1923,T-092-93,T,1993,3,109
1924,T-114-13,T,2013,5,117
1925,C-234-16,C,2016,7,135
1926,C-305-22,C,2022,0,241
1927,T-016-12,T,2012,3,105
1928,T-083-12,T,2012,3,152
1929,SU1061-00,SU,2000,2,115
1930,C-174-96,C,1996,3,171
1931,C-183-20,C,2020,3,200
1932,C-238-05,C,2005,7,131
1933,C-202-02,C,2002,6,58
1934,C-289-14,C,2014,6,294
1935,SU656-17,SU,2017,3,177
1936,C-125-06,C,2006,7,102
1937,T-129-18,T,2018,4,132
1938,T-107-99,T,1999,0,33
1939,T-078-22,T,2022,3,243
1940,T-116-94,T,1994,4,49
1941,T-044-20,T,2020,3,230
1942,T-043-14,T,2014,3,152
1943,C-124-11,C,2011,7,346
1944,T-127-99,T,1999,3,68
1945,T-047-00,T,2000,3,58
1946,T-085-21,T,2021,3,241
1947,T-069-21,T,2021,1,116
1948,C-254-09,C,2009,6,280
1949,T-087-20,T,2020,3,207
1950,T-029-01,T,2001,0,213
1951,SU817-10,SU,2010,3,303
1952,C-301-11,C,2011,4,163
1953,C-109-06,C,2006,8,205
1954,SU1354-00,SU,2000,3,162
1955,T-080-12,T,2012,2,144
1956,T-018-13,T,2013,3,177
1957,T-036-22,T,2022,3,254
1958,T-017-03,T,2003,3,53
1959,C-109-00,C,2000,5,148
1960,T-096-94,T,1994,2,124
1961,T-084-97,T,1997,0,22
1962,C-108-21,C,2021,3,185
1963,C-292-12,C,2012,5,235
1964,T-016-11,T,2011,4,113
1965,T-073-16,T,2016,3,131
1966,SU133-98,SU,1998,3,131
1967,C-117-08,C,2008,6,124
1968,T-055-97,T,1997,3,79
1969,T-081-19,T,2019,3,105
1970,T-107-10,T,2010,5,125
1971,T-097-97,T,1997,0,30
1972,T-089-96,T,1996,2,62
1973,C-054-01,C,2001,6,157
1974,C-149-05,C,2005,7,125
1975,T-185-04,T,2004,3,102
1976,T-072-97,T,1997,3,79
1977,C-286-96,C,1996,6,115
1978,SU995-99,SU,1999,3,249
1979,T-115-21,T,2021,3,168
1980,C-202-21,C,2021,3,130
1981,C-102-03,C,2003,7,113
1982,T-067-14,T,2014,3,143
1983,C-261-96,C,1996,7,223
1984,C-192-05,C,2005,7,147
1985,C-198-20,C,2020,4,196
1986,T-043-94,T,1994,6,88
1987,C-257-15,C,2015,7,276
1988,T-046-00,T,2000,3,53
1989,T-013-03,T,2003,0,36
1990,C-304-12,C,2012,7,205
1991,T-102-20,T,2020,2,191
1992,C-289-08,C,2008,7,134
1993,T-061-14,T,2014,3,227
1994,C-229-11,C,2011,6,282
1995,C-245-95,C,1995,9,165
1996,C-287-00,C,2000,5,125
1997,C-184-02,C,2002,0,167
1998,T-074-99,T,1999,2,31
1999,C-184-99,C,1999,6,185
